run_name,model,seq_len,forecast_horizon,window_stride,hidden_size,num_layers,nhead,dim_feedforward,dropout,batch_size,lr,loss,weight_decay,grad_clip,patience,min_delta,seed,split_strategy,split_stratify_attribute,train_basin_count,val_basin_count,test_basin_count,output_dir,checkpoint,status,mse,mae,rmse,nse,kge,best_basin_by_nse,worst_basin_by_nse
seq030_hidden032_batch032_lr0p001,lstm,30,1,30,32,1,4,128,0.1,32,0.001,nse,1e-05,1.0,10,0.0,42,stratified,aridity,30,10,10,outputs/sweeps_mse/seq030_hidden032_batch032_lr0p001,outputs/sweeps_mse/seq030_hidden032_batch032_lr0p001/best_model.pt,completed,5.040703086348537,1.0737920720952976,2.245151016379196,0.44192987441652143,0.6789369214749084,13337000,12048000
seq030_hidden032_batch032_lr0p003,lstm,30,1,30,32,1,4,128,0.1,32,0.003,nse,1e-05,1.0,10,0.0,42,stratified,aridity,30,10,10,outputs/sweeps_mse/seq030_hidden032_batch032_lr0p003,outputs/sweeps_mse/seq030_hidden032_batch032_lr0p003/best_model.pt,completed,5.248133655982071,1.0703504918714846,2.290880541621948,0.4189646645911802,0.6070831503524252,13310700,12048000
seq030_hidden032_batch032_lr0p0005,lstm,30,1,30,32,1,4,128,0.1,32,0.0005,nse,1e-05,1.0,10,0.0,42,stratified,aridity,30,10,10,outputs/sweeps_mse/seq030_hidden032_batch032_lr0p0005,outputs/sweeps_mse/seq030_hidden032_batch032_lr0p0005/best_model.pt,completed,7.250600045515469,1.3495509204751714,2.692693826916731,0.1972660939076364,0.4034467720150655,13337000,12048000
seq030_hidden032_batch064_lr0p001,lstm,30,1,30,32,1,4,128,0.1,64,0.001,nse,1e-05,1.0,10,0.0,42,stratified,aridity,30,10,10,outputs/sweeps_mse/seq030_hidden032_batch064_lr0p001,outputs/sweeps_mse/seq030_hidden032_batch064_lr0p001/best_model.pt,completed,7.5559591563809025,1.3332055038996795,2.7488104984485386,0.16345894549410478,0.3747919377007246,13337000,12048000
seq030_hidden032_batch064_lr0p003,lstm,30,1,30,32,1,4,128,0.1,64,0.003,nse,1e-05,1.0,10,0.0,42,stratified,aridity,30,10,10,outputs/sweeps_mse/seq030_hidden032_batch064_lr0p003,outputs/sweeps_mse/seq030_hidden032_batch064_lr0p003/best_model.pt,completed,5.061313270671822,1.1092162597855464,2.249736266914818,0.4396480641300269,0.6202542589215201,13310700,10258500
seq030_hidden032_batch064_lr0p0005,lstm,30,1,30,32,1,4,128,0.1,64,0.0005,nse,1e-05,1.0,10,0.0,42,stratified,aridity,30,10,10,outputs/sweeps_mse/seq030_hidden032_batch064_lr0p0005,outputs/sweeps_mse/seq030_hidden032_batch064_lr0p0005/best_model.pt,completed,6.004905544588619,1.2813456094852707,2.4504908782912493,0.33518036393350403,0.5421206942079175,13337000,12048000
seq030_hidden032_batch128_lr0p001,lstm,30,1,30,32,1,4,128,0.1,128,0.001,nse,1e-05,1.0,10,0.0,42,stratified,aridity,30,10,10,outputs/sweeps_mse/seq030_hidden032_batch128_lr0p001,outputs/sweeps_mse/seq030_hidden032_batch128_lr0p001/best_model.pt,completed,6.014103414298953,1.2125303015032192,2.4523669004247615,0.3341620424381856,0.5036312773405109,13310700,12048000
seq030_hidden032_batch128_lr0p003,lstm,30,1,30,32,1,4,128,0.1,128,0.003,nse,1e-05,1.0,10,0.0,42,stratified,aridity,30,10,10,outputs/sweeps_mse/seq030_hidden032_batch128_lr0p003,outputs/sweeps_mse/seq030_hidden032_batch128_lr0p003/best_model.pt,completed,4.996878955627873,1.1138088641155817,2.2353699818213255,0.44678176466197206,0.6246440632972443,13310700,12048000
seq030_hidden032_batch128_lr0p0005,lstm,30,1,30,32,1,4,128,0.1,128,0.0005,nse,1e-05,1.0,10,0.0,42,stratified,aridity,30,10,10,outputs/sweeps_mse/seq030_hidden032_batch128_lr0p0005,outputs/sweeps_mse/seq030_hidden032_batch128_lr0p0005/best_model.pt,completed,4.89973126277972,1.0976237253471466,2.213533659734977,0.4575372533743983,0.6673912220359257,13337000,12048000
seq030_hidden032_batch256_lr0p001,lstm,30,1,30,32,1,4,128,0.1,256,0.001,nse,1e-05,1.0,10,0.0,42,stratified,aridity,30,10,10,outputs/sweeps_mse/seq030_hidden032_batch256_lr0p001,outputs/sweeps_mse/seq030_hidden032_batch256_lr0p001/best_model.pt,completed,6.20333201166722,1.2908833025017503,2.4906489137707104,0.31321202310788765,0.46451676192034386,13337000,10258500
seq030_hidden032_batch256_lr0p003,lstm,30,1,30,32,1,4,128,0.1,256,0.003,nse,1e-05,1.0,10,0.0,42,stratified,aridity,30,10,10,outputs/sweeps_mse/seq030_hidden032_batch256_lr0p003,outputs/sweeps_mse/seq030_hidden032_batch256_lr0p003/best_model.pt,completed,5.067851462822761,1.101936236308422,2.251188899853311,0.43892420286459255,0.6451445903010984,13337000,10258500
seq030_hidden032_batch256_lr0p0005,lstm,30,1,30,32,1,4,128,0.1,256,0.0005,nse,1e-05,1.0,10,0.0,42,stratified,aridity,30,10,10,outputs/sweeps_mse/seq030_hidden032_batch256_lr0p0005,outputs/sweeps_mse/seq030_hidden032_batch256_lr0p0005/best_model.pt,completed,6.174233210551502,1.2899330234079152,2.484800436765798,0.3164336315452021,0.4954174462310176,13337000,12048000
seq030_hidden064_batch032_lr0p001,lstm,30,1,30,64,1,4,128,0.1,32,0.001,nse,1e-05,1.0,10,0.0,42,stratified,aridity,30,10,10,outputs/sweeps_mse/seq030_hidden064_batch032_lr0p001,outputs/sweeps_mse/seq030_hidden064_batch032_lr0p001/best_model.pt,completed,6.008181923745185,1.204309827991278,2.4511593019926683,0.33481762697081396,0.5541028679870525,13337000,12048000
seq030_hidden064_batch032_lr0p003,lstm,30,1,30,64,1,4,128,0.1,32,0.003,nse,1e-05,1.0,10,0.0,42,stratified,aridity,30,10,10,outputs/sweeps_mse/seq030_hidden064_batch032_lr0p003,outputs/sweeps_mse/seq030_hidden064_batch032_lr0p003/best_model.pt,completed,6.123750721538535,1.142622318064667,2.4746213289185346,0.3220226869806495,0.5447009951188918,13337000,10258500
seq030_hidden064_batch032_lr0p0005,lstm,30,1,30,64,1,4,128,0.1,32,0.0005,nse,1e-05,1.0,10,0.0,42,stratified,aridity,30,10,10,outputs/sweeps_mse/seq030_hidden064_batch032_lr0p0005,outputs/sweeps_mse/seq030_hidden064_batch032_lr0p0005/best_model.pt,completed,5.606547890462659,1.2010482368594257,2.3678150034288277,0.3792836372779087,0.54737215994186,13337000,12048000
seq030_hidden064_batch064_lr0p001,lstm,30,1,30,64,1,4,128,0.1,64,0.001,nse,1e-05,1.0,10,0.0,42,stratified,aridity,30,10,10,outputs/sweeps_mse/seq030_hidden064_batch064_lr0p001,outputs/sweeps_mse/seq030_hidden064_batch064_lr0p001/best_model.pt,completed,5.673972551644272,1.1735843992294426,2.3820101913392966,0.3718188672868036,0.5929087417269658,13337000,10258500
seq030_hidden064_batch064_lr0p003,lstm,30,1,30,64,1,4,128,0.1,64,0.003,nse,1e-05,1.0,10,0.0,42,stratified,aridity,30,10,10,outputs/sweeps_mse/seq030_hidden064_batch064_lr0p003,outputs/sweeps_mse/seq030_hidden064_batch064_lr0p003/best_model.pt,completed,5.883725265549359,1.2175250700071143,2.4256391457818616,0.3485965664717632,0.5045010515757056,13337000,12048000
seq030_hidden064_batch064_lr0p0005,lstm,30,1,30,64,1,4,128,0.1,64,0.0005,nse,1e-05,1.0,10,0.0,42,stratified,aridity,30,10,10,outputs/sweeps_mse/seq030_hidden064_batch064_lr0p0005,outputs/sweeps_mse/seq030_hidden064_batch064_lr0p0005/best_model.pt,completed,6.4970589350555645,1.3881797554079167,2.5489329012462383,0.2806927062160598,0.47014223480343587,13310700,10258500
seq030_hidden064_batch128_lr0p001,lstm,30,1,30,64,1,4,128,0.1,128,0.001,nse,1e-05,1.0,10,0.0,42,stratified,aridity,30,10,10,outputs/sweeps_mse/seq030_hidden064_batch128_lr0p001,outputs/sweeps_mse/seq030_hidden064_batch128_lr0p001/best_model.pt,completed,6.111093798180635,1.1688151521266916,2.472062660650137,0.3234239698348159,0.5780130441750078,13337000,12048000
seq030_hidden064_batch128_lr0p003,lstm,30,1,30,64,1,4,128,0.1,128,0.003,nse,1e-05,1.0,10,0.0,42,stratified,aridity,30,10,10,outputs/sweeps_mse/seq030_hidden064_batch128_lr0p003,outputs/sweeps_mse/seq030_hidden064_batch128_lr0p003/best_model.pt,completed,6.419373806532942,1.2323691329238557,2.5336483194265425,0.28929344081358077,0.548432978251319,13337000,12048000
seq030_hidden064_batch128_lr0p0005,lstm,30,1,30,64,1,4,128,0.1,128,0.0005,nse,1e-05,1.0,10,0.0,42,stratified,aridity,30,10,10,outputs/sweeps_mse/seq030_hidden064_batch128_lr0p0005,outputs/sweeps_mse/seq030_hidden064_batch128_lr0p0005/best_model.pt,completed,5.022229834513974,1.0793451794738205,2.2410332069190706,0.4439750990200435,0.6685877100916866,13337000,10258500
seq030_hidden064_batch256_lr0p001,lstm,30,1,30,64,1,4,128,0.1,256,0.001,nse,1e-05,1.0,10,0.0,42,stratified,aridity,30,10,10,outputs/sweeps_mse/seq030_hidden064_batch256_lr0p001,outputs/sweeps_mse/seq030_hidden064_batch256_lr0p001/best_model.pt,completed,5.212703203335792,1.1472447340595107,2.283134512755609,0.42288726761283757,0.5672672744281826,13310700,10258500
seq030_hidden064_batch256_lr0p003,lstm,30,1,30,64,1,4,128,0.1,256,0.003,nse,1e-05,1.0,10,0.0,42,stratified,aridity,30,10,10,outputs/sweeps_mse/seq030_hidden064_batch256_lr0p003,outputs/sweeps_mse/seq030_hidden064_batch256_lr0p003/best_model.pt,completed,7.397858900621887,1.2773181443270132,2.719900531383802,0.18096266036776298,0.4039739565169288,13337000,12048000
seq030_hidden064_batch256_lr0p0005,lstm,30,1,30,64,1,4,128,0.1,256,0.0005,nse,1e-05,1.0,10,0.0,42,stratified,aridity,30,10,10,outputs/sweeps_mse/seq030_hidden064_batch256_lr0p0005,outputs/sweeps_mse/seq030_hidden064_batch256_lr0p0005/best_model.pt,completed,5.762988748414168,1.2073787286873385,2.4006225751696513,0.3619636389070804,0.6020455079822901,13337000,12048000
seq030_hidden128_batch032_lr0p001,lstm,30,1,30,128,1,4,128,0.1,32,0.001,nse,1e-05,1.0,10,0.0,42,stratified,aridity,30,10,10,outputs/sweeps_mse/seq030_hidden128_batch032_lr0p001,outputs/sweeps_mse/seq030_hidden128_batch032_lr0p001/best_model.pt,completed,5.295446380971503,1.1249816719029628,2.3011836912709738,0.4137265424633253,0.6557359031265284,13337000,12048000
seq030_hidden128_batch032_lr0p003,lstm,30,1,30,128,1,4,128,0.1,32,0.003,nse,1e-05,1.0,10,0.0,42,stratified,aridity,30,10,10,outputs/sweeps_mse/seq030_hidden128_batch032_lr0p003,outputs/sweeps_mse/seq030_hidden128_batch032_lr0p003/best_model.pt,completed,5.546008788526566,1.0778513524259858,2.3549965580710657,0.3859860880355589,0.6318030752875232,13337000,12048000
seq030_hidden128_batch032_lr0p0005,lstm,30,1,30,128,1,4,128,0.1,32,0.0005,nse,1e-05,1.0,10,0.0,42,stratified,aridity,30,10,10,outputs/sweeps_mse/seq030_hidden128_batch032_lr0p0005,outputs/sweeps_mse/seq030_hidden128_batch032_lr0p0005/best_model.pt,completed,5.462327110393268,1.1557389554660793,2.3371621917173973,0.3952507171606827,0.5773605300517203,13310700,10258500
seq030_hidden128_batch064_lr0p001,lstm,30,1,30,128,1,4,128,0.1,64,0.001,nse,1e-05,1.0,10,0.0,42,stratified,aridity,30,10,10,outputs/sweeps_mse/seq030_hidden128_batch064_lr0p001,outputs/sweeps_mse/seq030_hidden128_batch064_lr0p001/best_model.pt,completed,5.336965055641875,1.1131257234254295,2.3101872338929317,0.40912989560862256,0.6823535018650335,13337000,12048000
seq030_hidden128_batch064_lr0p003,lstm,30,1,30,128,1,4,128,0.1,64,0.003,nse,1e-05,1.0,10,0.0,42,stratified,aridity,30,10,10,outputs/sweeps_mse/seq030_hidden128_batch064_lr0p003,outputs/sweeps_mse/seq030_hidden128_batch064_lr0p003/best_model.pt,completed,6.542257503989427,1.1132574723160278,2.557783709383854,0.2756886481295149,0.5680418674041907,13337000,12048000
seq030_hidden128_batch064_lr0p0005,lstm,30,1,30,128,1,4,128,0.1,64,0.0005,nse,1e-05,1.0,10,0.0,42,stratified,aridity,30,10,10,outputs/sweeps_mse/seq030_hidden128_batch064_lr0p0005,outputs/sweeps_mse/seq030_hidden128_batch064_lr0p0005/best_model.pt,completed,6.936049158410972,1.3847977502388844,2.6336380082332824,0.2320908891914948,0.4149283733930631,13310700,12048000
seq030_hidden128_batch128_lr0p001,lstm,30,1,30,128,1,4,128,0.1,128,0.001,nse,1e-05,1.0,10,0.0,42,stratified,aridity,30,10,10,outputs/sweeps_mse/seq030_hidden128_batch128_lr0p001,outputs/sweeps_mse/seq030_hidden128_batch128_lr0p001/best_model.pt,completed,7.055698995805212,1.396201917064533,2.656256575672842,0.21884412606404857,0.3678451778581847,13337000,10258500
seq030_hidden128_batch128_lr0p003,lstm,30,1,30,128,1,4,128,0.1,128,0.003,nse,1e-05,1.0,10,0.0,42,stratified,aridity,30,10,10,outputs/sweeps_mse/seq030_hidden128_batch128_lr0p003,outputs/sweeps_mse/seq030_hidden128_batch128_lr0p003/best_model.pt,completed,5.897120761345247,1.1119874501099236,2.4283988060747452,0.34711351422825576,0.594784821692162,13337000,12048000
seq030_hidden128_batch128_lr0p0005,lstm,30,1,30,128,1,4,128,0.1,128,0.0005,nse,1e-05,1.0,10,0.0,42,stratified,aridity,30,10,10,outputs/sweeps_mse/seq030_hidden128_batch128_lr0p0005,outputs/sweeps_mse/seq030_hidden128_batch128_lr0p0005/best_model.pt,completed,6.011864177943311,1.1938903655344075,2.4519103119696917,0.3344099544641067,0.5185522067214279,13337000,12048000
seq030_hidden128_batch256_lr0p001,lstm,30,1,30,128,1,4,128,0.1,256,0.001,nse,1e-05,1.0,10,0.0,42,stratified,aridity,30,10,10,outputs/sweeps_mse/seq030_hidden128_batch256_lr0p001,outputs/sweeps_mse/seq030_hidden128_batch256_lr0p001/best_model.pt,completed,6.649423913137657,1.4236051297214982,2.578647690774693,0.26382395973442707,0.38310080832479554,13310700,10258500
seq030_hidden128_batch256_lr0p003,lstm,30,1,30,128,1,4,128,0.1,256,0.003,nse,1e-05,1.0,10,0.0,42,stratified,aridity,30,10,10,outputs/sweeps_mse/seq030_hidden128_batch256_lr0p003,outputs/sweeps_mse/seq030_hidden128_batch256_lr0p003/best_model.pt,completed,5.727836735076688,1.0604630529659702,2.393289939617991,0.3658554151457738,0.567206137619884,13337000,12048000
seq030_hidden128_batch256_lr0p0005,lstm,30,1,30,128,1,4,128,0.1,256,0.0005,nse,1e-05,1.0,10,0.0,42,stratified,aridity,30,10,10,outputs/sweeps_mse/seq030_hidden128_batch256_lr0p0005,outputs/sweeps_mse/seq030_hidden128_batch256_lr0p0005/best_model.pt,completed,4.8929941237081795,1.2022710312258724,2.212011329923104,0.45828314060150166,0.5880213218785173,13310700,10258500
seq030_hidden256_batch032_lr0p001,lstm,30,1,30,256,1,4,128,0.1,32,0.001,nse,1e-05,1.0,10,0.0,42,stratified,aridity,30,10,10,outputs/sweeps_mse/seq030_hidden256_batch032_lr0p001,outputs/sweeps_mse/seq030_hidden256_batch032_lr0p001/best_model.pt,completed,5.230388782423766,1.075583411523439,2.2870043249683123,0.42092924842909074,0.6661662071902845,13310700,10258500
seq030_hidden256_batch032_lr0p003,lstm,30,1,30,256,1,4,128,0.1,32,0.003,nse,1e-05,1.0,10,0.0,42,stratified,aridity,30,10,10,outputs/sweeps_mse/seq030_hidden256_batch032_lr0p003,outputs/sweeps_mse/seq030_hidden256_batch032_lr0p003/best_model.pt,completed,6.3635714844713895,1.1059821966741459,2.522612036059328,0.29547146962172055,0.5637438177094997,13337000,12048000
seq030_hidden256_batch032_lr0p0005,lstm,30,1,30,256,1,4,128,0.1,32,0.0005,nse,1e-05,1.0,10,0.0,42,stratified,aridity,30,10,10,outputs/sweeps_mse/seq030_hidden256_batch032_lr0p0005,outputs/sweeps_mse/seq030_hidden256_batch032_lr0p0005/best_model.pt,completed,7.361941359340558,1.3708608821267991,2.7132897669324887,0.18493919031411243,0.4070547500781424,13310700,12048000
seq030_hidden256_batch064_lr0p001,lstm,30,1,30,256,1,4,128,0.1,64,0.001,nse,1e-05,1.0,10,0.0,42,stratified,aridity,30,10,10,outputs/sweeps_mse/seq030_hidden256_batch064_lr0p001,outputs/sweeps_mse/seq030_hidden256_batch064_lr0p001/best_model.pt,completed,4.935815531051214,1.018865611893596,2.221669536868887,0.4535422646236429,0.6586803390580644,13337000,10258500
seq030_hidden256_batch064_lr0p003,lstm,30,1,30,256,1,4,128,0.1,64,0.003,nse,1e-05,1.0,10,0.0,42,stratified,aridity,30,10,10,outputs/sweeps_mse/seq030_hidden256_batch064_lr0p003,outputs/sweeps_mse/seq030_hidden256_batch064_lr0p003/best_model.pt,completed,5.293595915035101,1.1912923598602037,2.300781587859895,0.4139314126450887,0.5386137185492559,13337000,10258500
seq030_hidden256_batch064_lr0p0005,lstm,30,1,30,256,1,4,128,0.1,64,0.0005,nse,1e-05,1.0,10,0.0,42,stratified,aridity,30,10,10,outputs/sweeps_mse/seq030_hidden256_batch064_lr0p0005,outputs/sweeps_mse/seq030_hidden256_batch064_lr0p0005/best_model.pt,completed,8.057129908736135,1.4715882587650284,2.8385083950441534,0.10797295079961144,0.3702866438812007,13310700,12048000
seq030_hidden256_batch128_lr0p001,lstm,30,1,30,256,1,4,128,0.1,128,0.001,nse,1e-05,1.0,10,0.0,42,stratified,aridity,30,10,10,outputs/sweeps_mse/seq030_hidden256_batch128_lr0p001,outputs/sweeps_mse/seq030_hidden256_batch128_lr0p001/best_model.pt,completed,4.902567284377983,1.1290602126193543,2.214174176612577,0.457223269610152,0.6202133412828175,13337000,10258500
seq030_hidden256_batch128_lr0p003,lstm,30,1,30,256,1,4,128,0.1,128,0.003,nse,1e-05,1.0,10,0.0,42,stratified,aridity,30,10,10,outputs/sweeps_mse/seq030_hidden256_batch128_lr0p003,outputs/sweeps_mse/seq030_hidden256_batch128_lr0p003/best_model.pt,completed,5.503765441291587,1.0872423016607133,2.3460105373360083,0.3906629653863273,0.6400791770536509,13337000,10258500
seq030_hidden256_batch128_lr0p0005,lstm,30,1,30,256,1,4,128,0.1,128,0.0005,nse,1e-05,1.0,10,0.0,42,stratified,aridity,30,10,10,outputs/sweeps_mse/seq030_hidden256_batch128_lr0p0005,outputs/sweeps_mse/seq030_hidden256_batch128_lr0p0005/best_model.pt,completed,7.687780445411526,1.3485354447371602,2.7726846999634716,0.14886464742423233,0.3882547136017508,13337000,10258500
seq030_hidden256_batch256_lr0p001,lstm,30,1,30,256,1,4,128,0.1,256,0.001,nse,1e-05,1.0,10,0.0,42,stratified,aridity,30,10,10,outputs/sweeps_mse/seq030_hidden256_batch256_lr0p001,outputs/sweeps_mse/seq030_hidden256_batch256_lr0p001/best_model.pt,completed,7.884227899748753,1.33069615642309,2.8078867320012666,0.12711540855129821,0.37041501996371196,13310700,12048000
seq030_hidden256_batch256_lr0p003,lstm,30,1,30,256,1,4,128,0.1,256,0.003,nse,1e-05,1.0,10,0.0,42,stratified,aridity,30,10,10,outputs/sweeps_mse/seq030_hidden256_batch256_lr0p003,outputs/sweeps_mse/seq030_hidden256_batch256_lr0p003/best_model.pt,completed,5.73488672351752,1.1329507613222836,2.3947623522006354,0.36507489150311123,0.5813052017389517,13310700,10258500
seq030_hidden256_batch256_lr0p0005,lstm,30,1,30,256,1,4,128,0.1,256,0.0005,nse,1e-05,1.0,10,0.0,42,stratified,aridity,30,10,10,outputs/sweeps_mse/seq030_hidden256_batch256_lr0p0005,outputs/sweeps_mse/seq030_hidden256_batch256_lr0p0005/best_model.pt,completed,6.706122233213834,1.2202359426052152,2.589618163593589,0.2575467325176569,0.52788746118151,13310700,12048000
seq060_hidden032_batch032_lr0p001,lstm,60,1,60,32,1,4,128,0.1,32,0.001,nse,1e-05,1.0,10,0.0,42,stratified,aridity,30,10,10,outputs/sweeps_mse/seq060_hidden032_batch032_lr0p001,outputs/sweeps_mse/seq060_hidden032_batch032_lr0p001/best_model.pt,completed,6.390068559983774,1.2278762666616119,2.527858492871738,0.2395457735393839,0.44818153900610425,11468500,10258500
seq060_hidden032_batch032_lr0p003,lstm,60,1,60,32,1,4,128,0.1,32,0.003,nse,1e-05,1.0,10,0.0,42,stratified,aridity,30,10,10,outputs/sweeps_mse/seq060_hidden032_batch032_lr0p003,outputs/sweeps_mse/seq060_hidden032_batch032_lr0p003/best_model.pt,completed,4.078155739409091,0.9698688370831153,2.019444413547719,0.5146764484470356,0.7155677821789248,14308990,10258500
seq060_hidden032_batch032_lr0p0005,lstm,60,1,60,32,1,4,128,0.1,32,0.0005,nse,1e-05,1.0,10,0.0,42,stratified,aridity,30,10,10,outputs/sweeps_mse/seq060_hidden032_batch032_lr0p0005,outputs/sweeps_mse/seq060_hidden032_batch032_lr0p0005/best_model.pt,completed,5.14842667416484,1.1378256558962998,2.269014472004275,0.387308166220807,0.5236774596763729,11468500,10258500
seq060_hidden032_batch064_lr0p001,lstm,60,1,60,32,1,4,128,0.1,64,0.001,nse,1e-05,1.0,10,0.0,42,stratified,aridity,30,10,10,outputs/sweeps_mse/seq060_hidden032_batch064_lr0p001,outputs/sweeps_mse/seq060_hidden032_batch064_lr0p001/best_model.pt,completed,4.9573217461596535,1.2156012700993106,2.2265043782035674,0.4100507313176931,0.5844535513188711,13337000,10258500
seq060_hidden032_batch064_lr0p003,lstm,60,1,60,32,1,4,128,0.1,64,0.003,nse,1e-05,1.0,10,0.0,42,stratified,aridity,30,10,10,outputs/sweeps_mse/seq060_hidden032_batch064_lr0p003,outputs/sweeps_mse/seq060_hidden032_batch064_lr0p003/best_model.pt,completed,5.2848255572305,1.1023042796679126,2.298874845925828,0.37107592925212396,0.5646766218090684,13337000,10258500
seq060_hidden032_batch064_lr0p0005,lstm,60,1,60,32,1,4,128,0.1,64,0.0005,nse,1e-05,1.0,10,0.0,42,stratified,aridity,30,10,10,outputs/sweeps_mse/seq060_hidden032_batch064_lr0p0005,outputs/sweeps_mse/seq060_hidden032_batch064_lr0p0005/best_model.pt,completed,5.24945694287432,1.1659643680726275,2.291169339633001,0.37528499399356385,0.5305272389783098,11468500,10258500
seq060_hidden032_batch128_lr0p001,lstm,60,1,60,32,1,4,128,0.1,128,0.001,nse,1e-05,1.0,10,0.0,42,stratified,aridity,30,10,10,outputs/sweeps_mse/seq060_hidden032_batch128_lr0p001,outputs/sweeps_mse/seq060_hidden032_batch128_lr0p001/best_model.pt,completed,4.136479054251241,0.9838390013297807,2.033833585682772,0.5077356447832609,0.7383488594960923,13337000,10258500
seq060_hidden032_batch128_lr0p003,lstm,60,1,60,32,1,4,128,0.1,128,0.003,nse,1e-05,1.0,10,0.0,42,stratified,aridity,30,10,10,outputs/sweeps_mse/seq060_hidden032_batch128_lr0p003,outputs/sweeps_mse/seq060_hidden032_batch128_lr0p003/best_model.pt,completed,6.146141719613115,1.2564290382304555,2.479141327075388,0.26857444435344524,0.5139938801934798,11468500,10258500
seq060_hidden032_batch128_lr0p0005,lstm,60,1,60,32,1,4,128,0.1,128,0.0005,nse,1e-05,1.0,10,0.0,42,stratified,aridity,30,10,10,outputs/sweeps_mse/seq060_hidden032_batch128_lr0p0005,outputs/sweeps_mse/seq060_hidden032_batch128_lr0p0005/best_model.pt,completed,5.476558783778696,1.2993704121817582,2.340204859361397,0.3482585930822789,0.518037568398924,13337000,10258500
seq060_hidden032_batch256_lr0p001,lstm,60,1,60,32,1,4,128,0.1,256,0.001,nse,1e-05,1.0,10,0.0,42,stratified,aridity,30,10,10,outputs/sweeps_mse/seq060_hidden032_batch256_lr0p001,outputs/sweeps_mse/seq060_hidden032_batch256_lr0p001/best_model.pt,completed,4.952845657030719,1.16381581716363,2.225498968103719,0.41058341118867725,0.6040571258487233,13337000,10258500
seq060_hidden032_batch256_lr0p003,lstm,60,1,60,32,1,4,128,0.1,256,0.003,nse,1e-05,1.0,10,0.0,42,stratified,aridity,30,10,10,outputs/sweeps_mse/seq060_hidden032_batch256_lr0p003,outputs/sweeps_mse/seq060_hidden032_batch256_lr0p003/best_model.pt,completed,6.591943756067763,1.2288381355431777,2.567478092616909,0.21552148574989194,0.5020489969957096,13337000,10258500
seq060_hidden032_batch256_lr0p0005,lstm,60,1,60,32,1,4,128,0.1,256,0.0005,nse,1e-05,1.0,10,0.0,42,stratified,aridity,30,10,10,outputs/sweeps_mse/seq060_hidden032_batch256_lr0p0005,outputs/sweeps_mse/seq060_hidden032_batch256_lr0p0005/best_model.pt,completed,5.7781296361710215,1.2531628264162185,2.40377404016497,0.31236995947430757,0.4439132387384166,13337000,10258500
seq060_hidden064_batch032_lr0p001,lstm,60,1,60,64,1,4,128,0.1,32,0.001,nse,1e-05,1.0,10,0.0,42,stratified,aridity,30,10,10,outputs/sweeps_mse/seq060_hidden064_batch032_lr0p001,outputs/sweeps_mse/seq060_hidden064_batch032_lr0p001/best_model.pt,completed,5.08749160208763,1.1260743860246931,2.255546852115387,0.39455978373724154,0.6021747580505403,14308990,10258500
seq060_hidden064_batch032_lr0p003,lstm,60,1,60,64,1,4,128,0.1,32,0.003,nse,1e-05,1.0,10,0.0,42,stratified,aridity,30,10,10,outputs/sweeps_mse/seq060_hidden064_batch032_lr0p003,outputs/sweeps_mse/seq060_hidden064_batch032_lr0p003/best_model.pt,completed,5.076020031511144,1.0609908857776342,2.253002448181347,0.39592496538547306,0.6052389016048267,11468500,10258500
seq060_hidden064_batch032_lr0p0005,lstm,60,1,60,64,1,4,128,0.1,32,0.0005,nse,1e-05,1.0,10,0.0,42,stratified,aridity,30,10,10,outputs/sweeps_mse/seq060_hidden064_batch032_lr0p0005,outputs/sweeps_mse/seq060_hidden064_batch032_lr0p0005/best_model.pt,completed,5.306049471007111,1.2269198680823703,2.3034863730890858,0.3685501637173796,0.5739829425053071,11468500,10258500
seq060_hidden064_batch064_lr0p001,lstm,60,1,60,64,1,4,128,0.1,64,0.001,nse,1e-05,1.0,10,0.0,42,stratified,aridity,30,10,10,outputs/sweeps_mse/seq060_hidden064_batch064_lr0p001,outputs/sweeps_mse/seq060_hidden064_batch064_lr0p001/best_model.pt,completed,5.381566165795206,1.1454983167201196,2.3198202873919365,0.35956325079447826,0.5062405222170365,13337000,10258500
seq060_hidden064_batch064_lr0p003,lstm,60,1,60,64,1,4,128,0.1,64,0.003,nse,1e-05,1.0,10,0.0,42,stratified,aridity,30,10,10,outputs/sweeps_mse/seq060_hidden064_batch064_lr0p003,outputs/sweeps_mse/seq060_hidden064_batch064_lr0p003/best_model.pt,completed,5.232813424412539,1.175418405174323,2.287534354804871,0.37726566663246097,0.6133749069813432,11468500,10258500
seq060_hidden064_batch064_lr0p0005,lstm,60,1,60,64,1,4,128,0.1,64,0.0005,nse,1e-05,1.0,10,0.0,42,stratified,aridity,30,10,10,outputs/sweeps_mse/seq060_hidden064_batch064_lr0p0005,outputs/sweeps_mse/seq060_hidden064_batch064_lr0p0005/best_model.pt,completed,4.51308962981284,1.1136936747121293,2.1244033585486632,0.4629168605672258,0.6186177426530122,11468500,10258500
seq060_hidden064_batch128_lr0p001,lstm,60,1,60,64,1,4,128,0.1,128,0.001,nse,1e-05,1.0,10,0.0,42,stratified,aridity,30,10,10,outputs/sweeps_mse/seq060_hidden064_batch128_lr0p001,outputs/sweeps_mse/seq060_hidden064_batch128_lr0p001/best_model.pt,completed,5.750373190620375,1.1648532231921398,2.3979935760173285,0.3156731331620978,0.5506636574401651,13337000,10258500
seq060_hidden064_batch128_lr0p003,lstm,60,1,60,64,1,4,128,0.1,128,0.003,nse,1e-05,1.0,10,0.0,42,stratified,aridity,30,10,10,outputs/sweeps_mse/seq060_hidden064_batch128_lr0p003,outputs/sweeps_mse/seq060_hidden064_batch128_lr0p003/best_model.pt,completed,4.602643053032241,1.0173356587236577,2.145377135384882,0.45225949773270524,0.7350737987580882,13337000,10258500
seq060_hidden064_batch128_lr0p0005,lstm,60,1,60,64,1,4,128,0.1,128,0.0005,nse,1e-05,1.0,10,0.0,42,stratified,aridity,30,10,10,outputs/sweeps_mse/seq060_hidden064_batch128_lr0p0005,outputs/sweeps_mse/seq060_hidden064_batch128_lr0p0005/best_model.pt,completed,4.171084972417485,1.0540267824785856,2.042323425027849,0.5036173451933523,0.6217549930590837,11468500,10258500
seq060_hidden064_batch256_lr0p001,lstm,60,1,60,64,1,4,128,0.1,256,0.001,nse,1e-05,1.0,10,0.0,42,stratified,aridity,30,10,10,outputs/sweeps_mse/seq060_hidden064_batch256_lr0p001,outputs/sweeps_mse/seq060_hidden064_batch256_lr0p001/best_model.pt,completed,4.283045127662819,1.083966475680871,2.069551914705891,0.4902934547761706,0.697907201312406,14308990,10258500
seq060_hidden064_batch256_lr0p003,lstm,60,1,60,64,1,4,128,0.1,256,0.003,nse,1e-05,1.0,10,0.0,42,stratified,aridity,30,10,10,outputs/sweeps_mse/seq060_hidden064_batch256_lr0p003,outputs/sweeps_mse/seq060_hidden064_batch256_lr0p003/best_model.pt,completed,4.881659660745105,1.1435189932465486,2.209447818063397,0.4190549465457788,0.5930473981530073,13337000,10258500
seq060_hidden064_batch256_lr0p0005,lstm,60,1,60,64,1,4,128,0.1,256,0.0005,nse,1e-05,1.0,10,0.0,42,stratified,aridity,30,10,10,outputs/sweeps_mse/seq060_hidden064_batch256_lr0p0005,outputs/sweeps_mse/seq060_hidden064_batch256_lr0p0005/best_model.pt,completed,4.208314347538256,1.0806919637579724,2.0514176433720794,0.49918683941812936,0.6385617533945736,11468500,10258500
seq060_hidden128_batch032_lr0p001,lstm,60,1,60,128,1,4,128,0.1,32,0.001,nse,1e-05,1.0,10,0.0,42,stratified,aridity,30,10,10,outputs/sweeps_mse/seq060_hidden128_batch032_lr0p001,outputs/sweeps_mse/seq060_hidden128_batch032_lr0p001/best_model.pt,completed,4.673088060407912,1.2131829021520926,2.1617326523897242,0.44387614423829225,0.49472291468391816,11468500,10258500
seq060_hidden128_batch032_lr0p003,lstm,60,1,60,128,1,4,128,0.1,32,0.003,nse,1e-05,1.0,10,0.0,42,stratified,aridity,30,10,10,outputs/sweeps_mse/seq060_hidden128_batch032_lr0p003,outputs/sweeps_mse/seq060_hidden128_batch032_lr0p003/best_model.pt,completed,4.937753588151279,0.985919157902536,2.2221056653884124,0.4123794525703419,0.6759949971310122,13337000,10258500
seq060_hidden128_batch032_lr0p0005,lstm,60,1,60,128,1,4,128,0.1,32,0.0005,nse,1e-05,1.0,10,0.0,42,stratified,aridity,30,10,10,outputs/sweeps_mse/seq060_hidden128_batch032_lr0p0005,outputs/sweeps_mse/seq060_hidden128_batch032_lr0p0005/best_model.pt,completed,4.5000430013016794,1.0443809366757832,2.121330479039435,0.46446948299987145,0.6398619720816612,11468500,10258500
seq060_hidden128_batch064_lr0p001,lstm,60,1,60,128,1,4,128,0.1,64,0.001,nse,1e-05,1.0,10,0.0,42,stratified,aridity,30,10,10,outputs/sweeps_mse/seq060_hidden128_batch064_lr0p001,outputs/sweeps_mse/seq060_hidden128_batch064_lr0p001/best_model.pt,completed,4.073439411522111,1.0333388027904917,2.0182763466686398,0.5152377180862204,0.7063489049431516,13337000,10258500
seq060_hidden128_batch064_lr0p003,lstm,60,1,60,128,1,4,128,0.1,64,0.003,nse,1e-05,1.0,10,0.0,42,stratified,aridity,30,10,10,outputs/sweeps_mse/seq060_hidden128_batch064_lr0p003,outputs/sweeps_mse/seq060_hidden128_batch064_lr0p003/best_model.pt,completed,4.521997415265194,1.078982947382537,2.12649886321747,0.46185678381968254,0.644856169850094,13337000,10258500
seq060_hidden128_batch064_lr0p0005,lstm,60,1,60,128,1,4,128,0.1,64,0.0005,nse,1e-05,1.0,10,0.0,42,stratified,aridity,30,10,10,outputs/sweeps_mse/seq060_hidden128_batch064_lr0p0005,outputs/sweeps_mse/seq060_hidden128_batch064_lr0p0005/best_model.pt,completed,3.8015438363529612,1.0039816807855395,1.9497548144197416,0.5475948262068013,0.6997751420648355,13337000,10258500
seq060_hidden128_batch128_lr0p001,lstm,60,1,60,128,1,4,128,0.1,128,0.001,nse,1e-05,1.0,10,0.0,42,stratified,aridity,30,10,10,outputs/sweeps_mse/seq060_hidden128_batch128_lr0p001,outputs/sweeps_mse/seq060_hidden128_batch128_lr0p001/best_model.pt,completed,5.6838882418014816,1.3017715226247557,2.3840906530166763,0.32358521733627343,0.4564818996211738,11468500,10258500
seq060_hidden128_batch128_lr0p003,lstm,60,1,60,128,1,4,128,0.1,128,0.003,nse,1e-05,1.0,10,0.0,42,stratified,aridity,30,10,10,outputs/sweeps_mse/seq060_hidden128_batch128_lr0p003,outputs/sweeps_mse/seq060_hidden128_batch128_lr0p003/best_model.pt,completed,4.074818687534977,1.0843543416094685,2.0186180142699057,0.5150735764555643,0.671529161565666,13337000,10258500
seq060_hidden128_batch128_lr0p0005,lstm,60,1,60,128,1,4,128,0.1,128,0.0005,nse,1e-05,1.0,10,0.0,42,stratified,aridity,30,10,10,outputs/sweeps_mse/seq060_hidden128_batch128_lr0p0005,outputs/sweeps_mse/seq060_hidden128_batch128_lr0p0005/best_model.pt,completed,6.519698387845662,1.2299460374743274,2.5533700060597684,0.22411909234690774,0.4912976834722097,13337000,10258500
seq060_hidden128_batch256_lr0p001,lstm,60,1,60,128,1,4,128,0.1,256,0.001,nse,1e-05,1.0,10,0.0,42,stratified,aridity,30,10,10,outputs/sweeps_mse/seq060_hidden128_batch256_lr0p001,outputs/sweeps_mse/seq060_hidden128_batch256_lr0p001/best_model.pt,completed,5.291352722250029,1.1455216014501093,2.300294051257367,0.3702991597731561,0.5785192123485605,13337000,10258500
seq060_hidden128_batch256_lr0p003,lstm,60,1,60,128,1,4,128,0.1,256,0.003,nse,1e-05,1.0,10,0.0,42,stratified,aridity,30,10,10,outputs/sweeps_mse/seq060_hidden128_batch256_lr0p003,outputs/sweeps_mse/seq060_hidden128_batch256_lr0p003/best_model.pt,completed,5.975220900859158,1.1962925308155563,2.444426497332075,0.2889149865231344,0.5491959100661741,11468500,10258500
seq060_hidden128_batch256_lr0p0005,lstm,60,1,60,128,1,4,128,0.1,256,0.0005,nse,1e-05,1.0,10,0.0,42,stratified,aridity,30,10,10,outputs/sweeps_mse/seq060_hidden128_batch256_lr0p0005,outputs/sweeps_mse/seq060_hidden128_batch256_lr0p0005/best_model.pt,completed,4.911323262250464,1.1991518862660508,2.2161505504478853,0.41552481053471046,0.5724849231339859,11468500,10258500
seq060_hidden256_batch032_lr0p001,lstm,60,1,60,256,1,4,128,0.1,32,0.001,nse,1e-05,1.0,10,0.0,42,stratified,aridity,30,10,10,outputs/sweeps_mse/seq060_hidden256_batch032_lr0p001,outputs/sweeps_mse/seq060_hidden256_batch032_lr0p001/best_model.pt,completed,5.801521578102398,1.3253491504864396,2.408634795501883,0.3095861863520234,0.5057655164211425,11468500,10258500
seq060_hidden256_batch032_lr0p003,lstm,60,1,60,256,1,4,128,0.1,32,0.003,nse,1e-05,1.0,10,0.0,42,stratified,aridity,30,10,10,outputs/sweeps_mse/seq060_hidden256_batch032_lr0p003,outputs/sweeps_mse/seq060_hidden256_batch032_lr0p003/best_model.pt,completed,8.88571929914123,1.3905316434498172,2.9808923662455897,-0.05745075076186201,0.23162237266222652,11468500,10258500
seq060_hidden256_batch032_lr0p0005,lstm,60,1,60,256,1,4,128,0.1,32,0.0005,nse,1e-05,1.0,10,0.0,42,stratified,aridity,30,10,10,outputs/sweeps_mse/seq060_hidden256_batch032_lr0p0005,outputs/sweeps_mse/seq060_hidden256_batch032_lr0p0005/best_model.pt,completed,4.141118950985052,0.9879210273356626,2.0349739435641556,0.5071834708827081,0.6888072110283353,13337000,10258500
seq060_hidden256_batch064_lr0p001,lstm,60,1,60,256,1,4,128,0.1,64,0.001,nse,1e-05,1.0,10,0.0,42,stratified,aridity,30,10,10,outputs/sweeps_mse/seq060_hidden256_batch064_lr0p001,outputs/sweeps_mse/seq060_hidden256_batch064_lr0p001/best_model.pt,completed,5.136999476890183,1.2086678233536534,2.2664949761449247,0.38866806719566205,0.5791643158598083,13337000,10258500
seq060_hidden256_batch064_lr0p003,lstm,60,1,60,256,1,4,128,0.1,64,0.003,nse,1e-05,1.0,10,0.0,42,stratified,aridity,30,10,10,outputs/sweeps_mse/seq060_hidden256_batch064_lr0p003,outputs/sweeps_mse/seq060_hidden256_batch064_lr0p003/best_model.pt,completed,3.980094466195163,1.0416737696387006,1.9950174099980087,0.52634629345224,0.6853171173002365,11468500,10258500
seq060_hidden256_batch064_lr0p0005,lstm,60,1,60,256,1,4,128,0.1,64,0.0005,nse,1e-05,1.0,10,0.0,42,stratified,aridity,30,10,10,outputs/sweeps_mse/seq060_hidden256_batch064_lr0p0005,outputs/sweeps_mse/seq060_hidden256_batch064_lr0p0005/best_model.pt,completed,4.81290336128953,1.1149932932962752,2.1938330294918824,0.4272373342660314,0.6561756650780732,13337000,10258500
seq060_hidden256_batch128_lr0p001,lstm,60,1,60,256,1,4,128,0.1,128,0.001,nse,1e-05,1.0,10,0.0,42,stratified,aridity,30,10,10,outputs/sweeps_mse/seq060_hidden256_batch128_lr0p001,outputs/sweeps_mse/seq060_hidden256_batch128_lr0p001/best_model.pt,completed,4.830645531990724,1.0480851379035199,2.1978729562899497,0.4251259158094596,0.6470780603824844,13337000,10258500
seq060_hidden256_batch128_lr0p003,lstm,60,1,60,256,1,4,128,0.1,128,0.003,nse,1e-05,1.0,10,0.0,42,stratified,aridity,30,10,10,outputs/sweeps_mse/seq060_hidden256_batch128_lr0p003,outputs/sweeps_mse/seq060_hidden256_batch128_lr0p003/best_model.pt,completed,4.821330921449789,1.1208262587016211,2.19575292814328,0.4262344070388099,0.6669690135908009,13337000,10258500
seq060_hidden256_batch128_lr0p0005,lstm,60,1,60,256,1,4,128,0.1,128,0.0005,nse,1e-05,1.0,10,0.0,42,stratified,aridity,30,10,10,outputs/sweeps_mse/seq060_hidden256_batch128_lr0p0005,outputs/sweeps_mse/seq060_hidden256_batch128_lr0p0005/best_model.pt,completed,5.054958436469565,1.068383370691739,2.2483234723832703,0.3984314140745636,0.6686226340421796,11468500,10258500
seq060_hidden256_batch256_lr0p001,lstm,60,1,60,256,1,4,128,0.1,256,0.001,nse,1e-05,1.0,10,0.0,42,stratified,aridity,30,10,10,outputs/sweeps_mse/seq060_hidden256_batch256_lr0p001,outputs/sweeps_mse/seq060_hidden256_batch256_lr0p001/best_model.pt,completed,4.679993970951333,1.074234549081823,2.1633293718135786,0.4430543019042068,0.6458073947284597,11468500,10258500
seq060_hidden256_batch256_lr0p003,lstm,60,1,60,256,1,4,128,0.1,256,0.003,nse,1e-05,1.0,10,0.0,42,stratified,aridity,30,10,10,outputs/sweeps_mse/seq060_hidden256_batch256_lr0p003,outputs/sweeps_mse/seq060_hidden256_batch256_lr0p003/best_model.pt,completed,3.922004549883861,0.9977185095358467,1.9804051479138962,0.5332593213734593,0.7125293181902321,11468500,10258500
seq060_hidden256_batch256_lr0p0005,lstm,60,1,60,256,1,4,128,0.1,256,0.0005,nse,1e-05,1.0,10,0.0,42,stratified,aridity,30,10,10,outputs/sweeps_mse/seq060_hidden256_batch256_lr0p0005,outputs/sweeps_mse/seq060_hidden256_batch256_lr0p0005/best_model.pt,completed,4.237765130881227,1.0798367725705473,2.058583282473951,0.49568202996960675,0.7101482934372858,13337000,10258500
seq090_hidden032_batch032_lr0p001,lstm,90,1,90,32,1,4,128,0.1,32,0.001,nse,1e-05,1.0,10,0.0,42,stratified,aridity,30,10,10,outputs/sweeps_mse/seq090_hidden032_batch032_lr0p001,outputs/sweeps_mse/seq090_hidden032_batch032_lr0p001/best_model.pt,completed,6.784601287562653,1.1890202986712304,2.604726720322624,0.3399957072722509,0.6069025053174788,13310700,10258500
seq090_hidden032_batch032_lr0p003,lstm,90,1,90,32,1,4,128,0.1,32,0.003,nse,1e-05,1.0,10,0.0,42,stratified,aridity,30,10,10,outputs/sweeps_mse/seq090_hidden032_batch032_lr0p003,outputs/sweeps_mse/seq090_hidden032_batch032_lr0p003/best_model.pt,completed,6.12476639807058,1.0899487875805574,2.4748265389862336,0.4041842779926327,0.6830542127394499,11468500,10258500
seq090_hidden032_batch032_lr0p0005,lstm,90,1,90,32,1,4,128,0.1,32,0.0005,nse,1e-05,1.0,10,0.0,42,stratified,aridity,30,10,10,outputs/sweeps_mse/seq090_hidden032_batch032_lr0p0005,outputs/sweeps_mse/seq090_hidden032_batch032_lr0p0005/best_model.pt,completed,5.744441022917302,1.0452896689712643,2.396756354516934,0.44118223403974943,0.6846393150119641,13310700,12048000
seq090_hidden032_batch064_lr0p001,lstm,90,1,90,32,1,4,128,0.1,64,0.001,nse,1e-05,1.0,10,0.0,42,stratified,aridity,30,10,10,outputs/sweeps_mse/seq090_hidden032_batch064_lr0p001,outputs/sweeps_mse/seq090_hidden032_batch064_lr0p001/best_model.pt,completed,5.951581828737889,1.1539663518182388,2.439586405261738,0.4210316289789491,0.642654515966526,13337000,10258500
seq090_hidden032_batch064_lr0p003,lstm,90,1,90,32,1,4,128,0.1,64,0.003,nse,1e-05,1.0,10,0.0,42,stratified,aridity,30,10,10,outputs/sweeps_mse/seq090_hidden032_batch064_lr0p003,outputs/sweeps_mse/seq090_hidden032_batch064_lr0p003/best_model.pt,completed,5.601669717565237,1.0612255364067065,2.3667846791724076,0.45507099041861676,0.7059211411852224,13310700,12048000
seq090_hidden032_batch064_lr0p0005,lstm,90,1,90,32,1,4,128,0.1,64,0.0005,nse,1e-05,1.0,10,0.0,42,stratified,aridity,30,10,10,outputs/sweeps_mse/seq090_hidden032_batch064_lr0p0005,outputs/sweeps_mse/seq090_hidden032_batch064_lr0p0005/best_model.pt,completed,7.344170725756601,1.3863452544318944,2.7100130490011667,0.2855609342275498,0.5309681898751275,13310700,10258500
seq090_hidden032_batch128_lr0p001,lstm,90,1,90,32,1,4,128,0.1,128,0.001,nse,1e-05,1.0,10,0.0,42,stratified,aridity,30,10,10,outputs/sweeps_mse/seq090_hidden032_batch128_lr0p001,outputs/sweeps_mse/seq090_hidden032_batch128_lr0p001/best_model.pt,completed,6.345268622874201,1.2468680556437524,2.5189816638622444,0.382733877481523,0.6144392392194566,13310700,10258500
seq090_hidden032_batch128_lr0p003,lstm,90,1,90,32,1,4,128,0.1,128,0.003,nse,1e-05,1.0,10,0.0,42,stratified,aridity,30,10,10,outputs/sweeps_mse/seq090_hidden032_batch128_lr0p003,outputs/sweeps_mse/seq090_hidden032_batch128_lr0p003/best_model.pt,completed,6.912112922097026,1.302964897373065,2.6290897516245098,0.32759140780078533,0.5060976877028069,13310700,10258500
seq090_hidden032_batch128_lr0p0005,lstm,90,1,90,32,1,4,128,0.1,128,0.0005,nse,1e-05,1.0,10,0.0,42,stratified,aridity,30,10,10,outputs/sweeps_mse/seq090_hidden032_batch128_lr0p0005,outputs/sweeps_mse/seq090_hidden032_batch128_lr0p0005/best_model.pt,completed,6.106611914172528,1.135198057927864,2.471155987422188,0.40595034158238796,0.6422507849110821,11468500,12048000
seq090_hidden032_batch256_lr0p001,lstm,90,1,90,32,1,4,128,0.1,256,0.001,nse,1e-05,1.0,10,0.0,42,stratified,aridity,30,10,10,outputs/sweeps_mse/seq090_hidden032_batch256_lr0p001,outputs/sweeps_mse/seq090_hidden032_batch256_lr0p001/best_model.pt,completed,6.51372935361547,1.1190896669237755,2.552200884259597,0.3663460603154485,0.6546246457589757,13310700,12048000
seq090_hidden032_batch256_lr0p003,lstm,90,1,90,32,1,4,128,0.1,256,0.003,nse,1e-05,1.0,10,0.0,42,stratified,aridity,30,10,10,outputs/sweeps_mse/seq090_hidden032_batch256_lr0p003,outputs/sweeps_mse/seq090_hidden032_batch256_lr0p003/best_model.pt,completed,6.087295214098521,1.2111617976596205,2.467244457709556,0.40782946526701036,0.6353091978084258,13310700,10258500
seq090_hidden032_batch256_lr0p0005,lstm,90,1,90,32,1,4,128,0.1,256,0.0005,nse,1e-05,1.0,10,0.0,42,stratified,aridity,30,10,10,outputs/sweeps_mse/seq090_hidden032_batch256_lr0p0005,outputs/sweeps_mse/seq090_hidden032_batch256_lr0p0005/best_model.pt,completed,6.937876314755263,1.3251761940667472,2.6339848736762446,0.32508515149640416,0.5788372899310384,13310700,10258500
seq090_hidden064_batch032_lr0p001,lstm,90,1,90,64,1,4,128,0.1,32,0.001,nse,1e-05,1.0,10,0.0,42,stratified,aridity,30,10,10,outputs/sweeps_mse/seq090_hidden064_batch032_lr0p001,outputs/sweeps_mse/seq090_hidden064_batch032_lr0p001/best_model.pt,completed,7.313838502758392,1.278698221681862,2.7044109345213037,0.2885116451887808,0.5556515430421267,13310700,12048000
seq090_hidden064_batch032_lr0p003,lstm,90,1,90,64,1,4,128,0.1,32,0.003,nse,1e-05,1.0,10,0.0,42,stratified,aridity,30,10,10,outputs/sweeps_mse/seq090_hidden064_batch032_lr0p003,outputs/sweeps_mse/seq090_hidden064_batch032_lr0p003/best_model.pt,completed,5.984212240188418,1.0617602215383142,2.4462649570699444,0.41785735082788056,0.68230901123774,13310700,12048000
seq090_hidden064_batch032_lr0p0005,lstm,90,1,90,64,1,4,128,0.1,32,0.0005,nse,1e-05,1.0,10,0.0,42,stratified,aridity,30,10,10,outputs/sweeps_mse/seq090_hidden064_batch032_lr0p0005,outputs/sweeps_mse/seq090_hidden064_batch032_lr0p0005/best_model.pt,completed,7.499351295152601,1.2027141333446356,2.738494348205342,0.2704650077893891,0.5755478697681365,13310700,12048000
seq090_hidden064_batch064_lr0p001,lstm,90,1,90,64,1,4,128,0.1,64,0.001,nse,1e-05,1.0,10,0.0,42,stratified,aridity,30,10,10,outputs/sweeps_mse/seq090_hidden064_batch064_lr0p001,outputs/sweeps_mse/seq090_hidden064_batch064_lr0p001/best_model.pt,completed,6.9374581340326165,1.2360081902784412,2.6339054907176562,0.3251258320110556,0.5558013879172743,13310700,10258500
seq090_hidden064_batch064_lr0p003,lstm,90,1,90,64,1,4,128,0.1,64,0.003,nse,1e-05,1.0,10,0.0,42,stratified,aridity,30,10,10,outputs/sweeps_mse/seq090_hidden064_batch064_lr0p003,outputs/sweeps_mse/seq090_hidden064_batch064_lr0p003/best_model.pt,completed,6.404158954340944,1.1392313079493679,2.530643980164129,0.37700504097060505,0.606601177612099,11468500,10258500
seq090_hidden064_batch064_lr0p0005,lstm,90,1,90,64,1,4,128,0.1,64,0.0005,nse,1e-05,1.0,10,0.0,42,stratified,aridity,30,10,10,outputs/sweeps_mse/seq090_hidden064_batch064_lr0p0005,outputs/sweeps_mse/seq090_hidden064_batch064_lr0p0005/best_model.pt,completed,5.8085448538534,1.2061633825404625,2.4100922915634166,0.4349462296225587,0.6167576434422919,13310700,10258500
seq090_hidden064_batch128_lr0p001,lstm,90,1,90,64,1,4,128,0.1,128,0.001,nse,1e-05,1.0,10,0.0,42,stratified,aridity,30,10,10,outputs/sweeps_mse/seq090_hidden064_batch128_lr0p001,outputs/sweeps_mse/seq090_hidden064_batch128_lr0p001/best_model.pt,completed,6.857263819359218,1.2791127872590042,2.6186377793347475,0.3329271146057793,0.5695828190716419,13310700,10258500
seq090_hidden064_batch128_lr0p003,lstm,90,1,90,64,1,4,128,0.1,128,0.003,nse,1e-05,1.0,10,0.0,42,stratified,aridity,30,10,10,outputs/sweeps_mse/seq090_hidden064_batch128_lr0p003,outputs/sweeps_mse/seq090_hidden064_batch128_lr0p003/best_model.pt,completed,5.876696161050501,1.1068862225613714,2.424189794766594,0.42831648774110864,0.6612455225002456,13310700,10258500
seq090_hidden064_batch128_lr0p0005,lstm,90,1,90,64,1,4,128,0.1,128,0.0005,nse,1e-05,1.0,10,0.0,42,stratified,aridity,30,10,10,outputs/sweeps_mse/seq090_hidden064_batch128_lr0p0005,outputs/sweeps_mse/seq090_hidden064_batch128_lr0p0005/best_model.pt,completed,7.298456572738782,1.3446354525722723,2.7015655780933363,0.29000799544034106,0.49454613500013644,13310700,10258500
seq090_hidden064_batch256_lr0p001,lstm,90,1,90,64,1,4,128,0.1,256,0.001,nse,1e-05,1.0,10,0.0,42,stratified,aridity,30,10,10,outputs/sweeps_mse/seq090_hidden064_batch256_lr0p001,outputs/sweeps_mse/seq090_hidden064_batch256_lr0p001/best_model.pt,completed,6.639083197083555,1.2290149530458327,2.5766418449376225,0.354151670211711,0.5844838977734608,11468500,12048000
seq090_hidden064_batch256_lr0p003,lstm,90,1,90,64,1,4,128,0.1,256,0.003,nse,1e-05,1.0,10,0.0,42,stratified,aridity,30,10,10,outputs/sweeps_mse/seq090_hidden064_batch256_lr0p003,outputs/sweeps_mse/seq090_hidden064_batch256_lr0p003/best_model.pt,completed,6.279528114264362,1.1237188747292024,2.505898664005463,0.3891290974877655,0.6435808300964594,13337000,12048000
seq090_hidden064_batch256_lr0p0005,lstm,90,1,90,64,1,4,128,0.1,256,0.0005,nse,1e-05,1.0,10,0.0,42,stratified,aridity,30,10,10,outputs/sweeps_mse/seq090_hidden064_batch256_lr0p0005,outputs/sweeps_mse/seq090_hidden064_batch256_lr0p0005/best_model.pt,completed,5.91886364528312,1.1091794303953904,2.432871481456248,0.42421444556833177,0.6619168837861713,13310700,12048000
seq090_hidden128_batch032_lr0p001,lstm,90,1,90,128,1,4,128,0.1,32,0.001,nse,1e-05,1.0,10,0.0,42,stratified,aridity,30,10,10,outputs/sweeps_mse/seq090_hidden128_batch032_lr0p001,outputs/sweeps_mse/seq090_hidden128_batch032_lr0p001/best_model.pt,completed,7.040104669762793,1.1812820436107836,2.653319556661578,0.31514040304565105,0.5727469191814077,13337000,12048000
seq090_hidden128_batch032_lr0p003,lstm,90,1,90,128,1,4,128,0.1,32,0.003,nse,1e-05,1.0,10,0.0,42,stratified,aridity,30,10,10,outputs/sweeps_mse/seq090_hidden128_batch032_lr0p003,outputs/sweeps_mse/seq090_hidden128_batch032_lr0p003/best_model.pt,completed,6.349430312771591,1.0837987035077292,2.519807594395173,0.38232902934367974,0.663082414686491,13337000,12048000
seq090_hidden128_batch032_lr0p0005,lstm,90,1,90,128,1,4,128,0.1,32,0.0005,nse,1e-05,1.0,10,0.0,42,stratified,aridity,30,10,10,outputs/sweeps_mse/seq090_hidden128_batch032_lr0p0005,outputs/sweeps_mse/seq090_hidden128_batch032_lr0p0005/best_model.pt,completed,6.80879093603823,1.2375917942074999,2.6093660026984007,0.33764254440286856,0.5961935325189898,13310700,10258500
seq090_hidden128_batch064_lr0p001,lstm,90,1,90,128,1,4,128,0.1,64,0.001,nse,1e-05,1.0,10,0.0,42,stratified,aridity,30,10,10,outputs/sweeps_mse/seq090_hidden128_batch064_lr0p001,outputs/sweeps_mse/seq090_hidden128_batch064_lr0p001/best_model.pt,completed,6.467576496838276,1.173765239844728,2.5431430350726,0.37083579851869963,0.6395854153966178,13310700,12048000
seq090_hidden128_batch064_lr0p003,lstm,90,1,90,128,1,4,128,0.1,64,0.003,nse,1e-05,1.0,10,0.0,42,stratified,aridity,30,10,10,outputs/sweeps_mse/seq090_hidden128_batch064_lr0p003,outputs/sweeps_mse/seq090_hidden128_batch064_lr0p003/best_model.pt,completed,6.912683660089681,1.2246511455045521,2.6291982922727,0.327535886553595,0.5446702098140939,11468500,10258500
seq090_hidden128_batch064_lr0p0005,lstm,90,1,90,128,1,4,128,0.1,64,0.0005,nse,1e-05,1.0,10,0.0,42,stratified,aridity,30,10,10,outputs/sweeps_mse/seq090_hidden128_batch064_lr0p0005,outputs/sweeps_mse/seq090_hidden128_batch064_lr0p0005/best_model.pt,completed,7.046512621976533,1.2643319723530257,2.6545268169631537,0.3145170390793093,0.534971004587576,13310700,12048000
seq090_hidden128_batch128_lr0p001,lstm,90,1,90,128,1,4,128,0.1,128,0.001,nse,1e-05,1.0,10,0.0,42,stratified,aridity,30,10,10,outputs/sweeps_mse/seq090_hidden128_batch128_lr0p001,outputs/sweeps_mse/seq090_hidden128_batch128_lr0p001/best_model.pt,completed,5.475455207381868,1.149533564431444,2.33996906120185,0.46734910596215806,0.6703597719353981,13310700,10258500
seq090_hidden128_batch128_lr0p003,lstm,90,1,90,128,1,4,128,0.1,128,0.003,nse,1e-05,1.0,10,0.0,42,stratified,aridity,30,10,10,outputs/sweeps_mse/seq090_hidden128_batch128_lr0p003,outputs/sweeps_mse/seq090_hidden128_batch128_lr0p003/best_model.pt,completed,8.535929683899896,1.372393016044374,2.921631339491671,0.16962692500091536,0.45643906850537297,13310700,10258500
seq090_hidden128_batch128_lr0p0005,lstm,90,1,90,128,1,4,128,0.1,128,0.0005,nse,1e-05,1.0,10,0.0,42,stratified,aridity,30,10,10,outputs/sweeps_mse/seq090_hidden128_batch128_lr0p0005,outputs/sweeps_mse/seq090_hidden128_batch128_lr0p0005/best_model.pt,completed,6.086974219059617,1.1285728737904097,2.4671794055276193,0.4078606915829929,0.6780184314394377,13310700,10258500
seq090_hidden128_batch256_lr0p001,lstm,90,1,90,128,1,4,128,0.1,256,0.001,nse,1e-05,1.0,10,0.0,42,stratified,aridity,30,10,10,outputs/sweeps_mse/seq090_hidden128_batch256_lr0p001,outputs/sweeps_mse/seq090_hidden128_batch256_lr0p001/best_model.pt,completed,6.400388934257458,1.1470705714086367,2.5298989968489765,0.3773717875682764,0.6667106962248217,13310700,12048000
seq090_hidden128_batch256_lr0p003,lstm,90,1,90,128,1,4,128,0.1,256,0.003,nse,1e-05,1.0,10,0.0,42,stratified,aridity,30,10,10,outputs/sweeps_mse/seq090_hidden128_batch256_lr0p003,outputs/sweeps_mse/seq090_hidden128_batch256_lr0p003/best_model.pt,completed,6.734414187918122,1.1860947248654845,2.5950749869547356,0.3448778955985815,0.6410179041214084,14308990,12048000
seq090_hidden128_batch256_lr0p0005,lstm,90,1,90,128,1,4,128,0.1,256,0.0005,nse,1e-05,1.0,10,0.0,42,stratified,aridity,30,10,10,outputs/sweeps_mse/seq090_hidden128_batch256_lr0p0005,outputs/sweeps_mse/seq090_hidden128_batch256_lr0p0005/best_model.pt,completed,6.222933538813046,1.1272813827952535,2.4945808342912135,0.3946346034356901,0.6343599021212281,13310700,12048000
seq090_hidden256_batch032_lr0p001,lstm,90,1,90,256,1,4,128,0.1,32,0.001,nse,1e-05,1.0,10,0.0,42,stratified,aridity,30,10,10,outputs/sweeps_mse/seq090_hidden256_batch032_lr0p001,outputs/sweeps_mse/seq090_hidden256_batch032_lr0p001/best_model.pt,completed,7.1288914749178725,1.0940030221270778,2.6699984035421953,0.30650324515586347,0.6328204146009673,13310700,10258500
seq090_hidden256_batch032_lr0p003,lstm,90,1,90,256,1,4,128,0.1,32,0.003,nse,1e-05,1.0,10,0.0,42,stratified,aridity,30,10,10,outputs/sweeps_mse/seq090_hidden256_batch032_lr0p003,outputs/sweeps_mse/seq090_hidden256_batch032_lr0p003/best_model.pt,completed,10.132117188551504,1.4228771676406302,3.1830986771621617,0.014350209330138086,0.34784321716111644,11468500,12048000
seq090_hidden256_batch032_lr0p0005,lstm,90,1,90,256,1,4,128,0.1,32,0.0005,nse,1e-05,1.0,10,0.0,42,stratified,aridity,30,10,10,outputs/sweeps_mse/seq090_hidden256_batch032_lr0p0005,outputs/sweeps_mse/seq090_hidden256_batch032_lr0p0005/best_model.pt,completed,8.762552170346119,1.286661492066453,2.960160835215904,0.14758114698926794,0.44902484845643365,13310700,12048000
seq090_hidden256_batch064_lr0p001,lstm,90,1,90,256,1,4,128,0.1,64,0.001,nse,1e-05,1.0,10,0.0,42,stratified,aridity,30,10,10,outputs/sweeps_mse/seq090_hidden256_batch064_lr0p001,outputs/sweeps_mse/seq090_hidden256_batch064_lr0p001/best_model.pt,completed,8.157955848148081,1.2877037540039724,2.856213550865565,0.20639612389139128,0.47177309831685765,13310700,12048000
seq090_hidden256_batch064_lr0p003,lstm,90,1,90,256,1,4,128,0.1,64,0.003,nse,1e-05,1.0,10,0.0,42,stratified,aridity,30,10,10,outputs/sweeps_mse/seq090_hidden256_batch064_lr0p003,outputs/sweeps_mse/seq090_hidden256_batch064_lr0p003/best_model.pt,completed,7.043329542447256,1.1239783148363758,2.6539271923787315,0.3148266882487111,0.6174569484830084,11468500,12048000
seq090_hidden256_batch064_lr0p0005,lstm,90,1,90,256,1,4,128,0.1,64,0.0005,nse,1e-05,1.0,10,0.0,42,stratified,aridity,30,10,10,outputs/sweeps_mse/seq090_hidden256_batch064_lr0p0005,outputs/sweeps_mse/seq090_hidden256_batch064_lr0p0005/best_model.pt,completed,6.34796392826981,1.1730711970571188,2.5195166060714524,0.3824716788561483,0.638300753325846,13310700,12048000
seq090_hidden256_batch128_lr0p001,lstm,90,1,90,256,1,4,128,0.1,128,0.001,nse,1e-05,1.0,10,0.0,42,stratified,aridity,30,10,10,outputs/sweeps_mse/seq090_hidden256_batch128_lr0p001,outputs/sweeps_mse/seq090_hidden256_batch128_lr0p001/best_model.pt,completed,6.474331401534024,1.128911706771916,2.5444707507719606,0.3701786831028927,0.6721562396374268,13310700,12048000
seq090_hidden256_batch128_lr0p003,lstm,90,1,90,256,1,4,128,0.1,128,0.003,nse,1e-05,1.0,10,0.0,42,stratified,aridity,30,10,10,outputs/sweeps_mse/seq090_hidden256_batch128_lr0p003,outputs/sweeps_mse/seq090_hidden256_batch128_lr0p003/best_model.pt,completed,6.214185736704047,1.1256822558281654,2.4928268565433997,0.39548558740647344,0.6554588061236506,13310700,10258500
seq090_hidden256_batch128_lr0p0005,lstm,90,1,90,256,1,4,128,0.1,128,0.0005,nse,1e-05,1.0,10,0.0,42,stratified,aridity,30,10,10,outputs/sweeps_mse/seq090_hidden256_batch128_lr0p0005,outputs/sweeps_mse/seq090_hidden256_batch128_lr0p0005/best_model.pt,completed,7.321408297123262,1.2841333855561727,2.7058100999743613,0.2877752575126119,0.6267428369059475,11468500,12048000
seq090_hidden256_batch256_lr0p001,lstm,90,1,90,256,1,4,128,0.1,256,0.001,nse,1e-05,1.0,10,0.0,42,stratified,aridity,30,10,10,outputs/sweeps_mse/seq090_hidden256_batch256_lr0p001,outputs/sweeps_mse/seq090_hidden256_batch256_lr0p001/best_model.pt,completed,6.833688885632565,1.2207544886235624,2.6141325302349467,0.33522047818027356,0.5727871357359181,11468500,12048000
seq090_hidden256_batch256_lr0p003,lstm,90,1,90,256,1,4,128,0.1,256,0.003,nse,1e-05,1.0,10,0.0,42,stratified,aridity,30,10,10,outputs/sweeps_mse/seq090_hidden256_batch256_lr0p003,outputs/sweeps_mse/seq090_hidden256_batch256_lr0p003/best_model.pt,completed,6.786727715668945,1.3220055281142171,2.605134874755805,0.3397888488853178,0.5365823713158759,11468500,10258500
seq090_hidden256_batch256_lr0p0005,lstm,90,1,90,256,1,4,128,0.1,256,0.0005,nse,1e-05,1.0,10,0.0,42,stratified,aridity,30,10,10,outputs/sweeps_mse/seq090_hidden256_batch256_lr0p0005,outputs/sweeps_mse/seq090_hidden256_batch256_lr0p0005/best_model.pt,completed,6.357584899155504,1.171355525840487,2.521425172230083,0.38153575324819744,0.6702134708677164,11468500,10258500
seq120_hidden032_batch032_lr0p001,lstm,120,1,120,32,1,4,128,0.1,32,0.001,nse,1e-05,1.0,10,0.0,42,stratified,aridity,30,10,10,outputs/sweeps_mse/seq120_hidden032_batch032_lr0p001,outputs/sweeps_mse/seq120_hidden032_batch032_lr0p001/best_model.pt,completed,5.452415751757063,1.159363812991551,2.3350408458434004,0.45051732539444533,0.5996541658631618,11468500,10258500
seq120_hidden032_batch032_lr0p003,lstm,120,1,120,32,1,4,128,0.1,32,0.003,nse,1e-05,1.0,10,0.0,42,stratified,aridity,30,10,10,outputs/sweeps_mse/seq120_hidden032_batch032_lr0p003,outputs/sweeps_mse/seq120_hidden032_batch032_lr0p003/best_model.pt,completed,5.585325684417893,1.1780286449023656,2.3633293643540023,0.43712294965254006,0.5711245027632823,11468500,10258500
seq120_hidden032_batch032_lr0p0005,lstm,120,1,120,32,1,4,128,0.1,32,0.0005,nse,1e-05,1.0,10,0.0,42,stratified,aridity,30,10,10,outputs/sweeps_mse/seq120_hidden032_batch032_lr0p0005,outputs/sweeps_mse/seq120_hidden032_batch032_lr0p0005/best_model.pt,completed,5.331952976910553,1.0589357899938312,2.3091022014866627,0.46265730347512213,0.6456071449354286,11468500,10258500
seq120_hidden032_batch064_lr0p001,lstm,120,1,120,32,1,4,128,0.1,64,0.001,nse,1e-05,1.0,10,0.0,42,stratified,aridity,30,10,10,outputs/sweeps_mse/seq120_hidden032_batch064_lr0p001,outputs/sweeps_mse/seq120_hidden032_batch064_lr0p001/best_model.pt,completed,5.517983388115602,1.1601764503887722,2.3490388221814476,0.4439095607201825,0.6218224993306319,11468500,10258500
seq120_hidden032_batch064_lr0p003,lstm,120,1,120,32,1,4,128,0.1,64,0.003,nse,1e-05,1.0,10,0.0,42,stratified,aridity,30,10,10,outputs/sweeps_mse/seq120_hidden032_batch064_lr0p003,outputs/sweeps_mse/seq120_hidden032_batch064_lr0p003/best_model.pt,completed,5.461076452245463,1.1522797476223536,2.3368946172742713,0.44964451871847055,0.586148224897957,13310700,10258500
seq120_hidden032_batch064_lr0p0005,lstm,120,1,120,32,1,4,128,0.1,64,0.0005,nse,1e-05,1.0,10,0.0,42,stratified,aridity,30,10,10,outputs/sweeps_mse/seq120_hidden032_batch064_lr0p0005,outputs/sweeps_mse/seq120_hidden032_batch064_lr0p0005/best_model.pt,completed,5.820145366760144,1.1006069069589888,2.412497744405193,0.4134583296055697,0.6570055618338307,11468500,10258500
seq120_hidden032_batch128_lr0p001,lstm,120,1,120,32,1,4,128,0.1,128,0.001,nse,1e-05,1.0,10,0.0,42,stratified,aridity,30,10,10,outputs/sweeps_mse/seq120_hidden032_batch128_lr0p001,outputs/sweeps_mse/seq120_hidden032_batch128_lr0p001/best_model.pt,completed,5.478696479374503,1.0937079412596566,2.340661547378113,0.44786881046834903,0.6689494488676653,11468500,10258500
seq120_hidden032_batch128_lr0p003,lstm,120,1,120,32,1,4,128,0.1,128,0.003,nse,1e-05,1.0,10,0.0,42,stratified,aridity,30,10,10,outputs/sweeps_mse/seq120_hidden032_batch128_lr0p003,outputs/sweeps_mse/seq120_hidden032_batch128_lr0p003/best_model.pt,completed,5.703081218382859,1.153683534826551,2.3881124802619453,0.42525580145647235,0.6127513855198865,11468500,10258500
seq120_hidden032_batch128_lr0p0005,lstm,120,1,120,32,1,4,128,0.1,128,0.0005,nse,1e-05,1.0,10,0.0,42,stratified,aridity,30,10,10,outputs/sweeps_mse/seq120_hidden032_batch128_lr0p0005,outputs/sweeps_mse/seq120_hidden032_batch128_lr0p0005/best_model.pt,completed,5.64336985950368,1.1352534199442181,2.375577794875108,0.431273383144129,0.619468030395506,11468500,10258500
seq120_hidden032_batch256_lr0p001,lstm,120,1,120,32,1,4,128,0.1,256,0.001,nse,1e-05,1.0,10,0.0,42,stratified,aridity,30,10,10,outputs/sweeps_mse/seq120_hidden032_batch256_lr0p001,outputs/sweeps_mse/seq120_hidden032_batch256_lr0p001/best_model.pt,completed,5.417916599551193,1.1598642880575998,2.3276418537977857,0.453994075387253,0.6907143820555806,13310700,10258500
seq120_hidden032_batch256_lr0p003,lstm,120,1,120,32,1,4,128,0.1,256,0.003,nse,1e-05,1.0,10,0.0,42,stratified,aridity,30,10,10,outputs/sweeps_mse/seq120_hidden032_batch256_lr0p003,outputs/sweeps_mse/seq120_hidden032_batch256_lr0p003/best_model.pt,completed,6.82719095763448,1.352124996798379,2.6128893887102222,0.31197045158653924,0.5116526253544961,13310700,10258500
seq120_hidden032_batch256_lr0p0005,lstm,120,1,120,32,1,4,128,0.1,256,0.0005,nse,1e-05,1.0,10,0.0,42,stratified,aridity,30,10,10,outputs/sweeps_mse/seq120_hidden032_batch256_lr0p0005,outputs/sweeps_mse/seq120_hidden032_batch256_lr0p0005/best_model.pt,completed,5.907323836737701,1.1314341326441084,2.430498680669813,0.40467267182885835,0.6033857044905899,13310700,10258500
seq120_hidden064_batch032_lr0p001,lstm,120,1,120,64,1,4,128,0.1,32,0.001,nse,1e-05,1.0,10,0.0,42,stratified,aridity,30,10,10,outputs/sweeps_mse/seq120_hidden064_batch032_lr0p001,outputs/sweeps_mse/seq120_hidden064_batch032_lr0p001/best_model.pt,completed,5.7272697881174,1.0266199284962245,2.3931714915812865,0.4228181296798227,0.6895032352742139,11468500,10258500
seq120_hidden064_batch032_lr0p003,lstm,120,1,120,64,1,4,128,0.1,32,0.003,nse,1e-05,1.0,10,0.0,42,stratified,aridity,30,10,10,outputs/sweeps_mse/seq120_hidden064_batch032_lr0p003,outputs/sweeps_mse/seq120_hidden064_batch032_lr0p003/best_model.pt,completed,6.787171954832578,1.2485233409064156,2.605220135580212,0.3160034801918048,0.5857001579772596,14308990,10258500
seq120_hidden064_batch032_lr0p0005,lstm,120,1,120,64,1,4,128,0.1,32,0.0005,nse,1e-05,1.0,10,0.0,42,stratified,aridity,30,10,10,outputs/sweeps_mse/seq120_hidden064_batch032_lr0p0005,outputs/sweeps_mse/seq120_hidden064_batch032_lr0p0005/best_model.pt,completed,5.710932319804881,1.1570669693946838,2.389755702954777,0.42446458442453905,0.6445813801261178,13310700,10258500
seq120_hidden064_batch064_lr0p001,lstm,120,1,120,64,1,4,128,0.1,64,0.001,nse,1e-05,1.0,10,0.0,42,stratified,aridity,30,10,10,outputs/sweeps_mse/seq120_hidden064_batch064_lr0p001,outputs/sweeps_mse/seq120_hidden064_batch064_lr0p001/best_model.pt,completed,6.168189747530959,1.1033576449666704,2.4835840528419726,0.3783831691749383,0.6611321303634502,14308990,10258500
seq120_hidden064_batch064_lr0p003,lstm,120,1,120,64,1,4,128,0.1,64,0.003,nse,1e-05,1.0,10,0.0,42,stratified,aridity,30,10,10,outputs/sweeps_mse/seq120_hidden064_batch064_lr0p003,outputs/sweeps_mse/seq120_hidden064_batch064_lr0p003/best_model.pt,completed,5.603563289476672,1.0448312524386814,2.3671846758283714,0.43528500323349306,0.6570124141900944,11468500,10258500
seq120_hidden064_batch064_lr0p0005,lstm,120,1,120,64,1,4,128,0.1,64,0.0005,nse,1e-05,1.0,10,0.0,42,stratified,aridity,30,10,10,outputs/sweeps_mse/seq120_hidden064_batch064_lr0p0005,outputs/sweeps_mse/seq120_hidden064_batch064_lr0p0005/best_model.pt,completed,5.8463606871610265,1.2252647985049656,2.4179248721085247,0.4108164062773869,0.5548569713143543,11468500,10258500
seq120_hidden064_batch128_lr0p001,lstm,120,1,120,64,1,4,128,0.1,128,0.001,nse,1e-05,1.0,10,0.0,42,stratified,aridity,30,10,10,outputs/sweeps_mse/seq120_hidden064_batch128_lr0p001,outputs/sweeps_mse/seq120_hidden064_batch128_lr0p001/best_model.pt,completed,5.644768705401507,1.0844988602910723,2.3758721988780263,0.43113241047801276,0.657409679560845,11468500,10258500
seq120_hidden064_batch128_lr0p003,lstm,120,1,120,64,1,4,128,0.1,128,0.003,nse,1e-05,1.0,10,0.0,42,stratified,aridity,30,10,10,outputs/sweeps_mse/seq120_hidden064_batch128_lr0p003,outputs/sweeps_mse/seq120_hidden064_batch128_lr0p003/best_model.pt,completed,6.07916833590276,1.1712821333748953,2.465596953255491,0.3873545546278655,0.6133765174404303,14308990,10258500
seq120_hidden064_batch128_lr0p0005,lstm,120,1,120,64,1,4,128,0.1,128,0.0005,nse,1e-05,1.0,10,0.0,42,stratified,aridity,30,10,10,outputs/sweeps_mse/seq120_hidden064_batch128_lr0p0005,outputs/sweeps_mse/seq120_hidden064_batch128_lr0p0005/best_model.pt,completed,6.0170482504778375,1.1232501449584962,2.4529672338777453,0.3936148825705782,0.6289332130720541,14308990,10258500
seq120_hidden064_batch256_lr0p001,lstm,120,1,120,64,1,4,128,0.1,256,0.001,nse,1e-05,1.0,10,0.0,42,stratified,aridity,30,10,10,outputs/sweeps_mse/seq120_hidden064_batch256_lr0p001,outputs/sweeps_mse/seq120_hidden064_batch256_lr0p001/best_model.pt,completed,5.373053112347102,1.0962739389283316,2.317984709256535,0.4585153206596979,0.6881329562688256,11468500,10258500
seq120_hidden064_batch256_lr0p003,lstm,120,1,120,64,1,4,128,0.1,256,0.003,nse,1e-05,1.0,10,0.0,42,stratified,aridity,30,10,10,outputs/sweeps_mse/seq120_hidden064_batch256_lr0p003,outputs/sweeps_mse/seq120_hidden064_batch256_lr0p003/best_model.pt,completed,6.043193843285516,1.2065401232583182,2.458290837815069,0.39097998623852925,0.642021556728,11468500,10258500
seq120_hidden064_batch256_lr0p0005,lstm,120,1,120,64,1,4,128,0.1,256,0.0005,nse,1e-05,1.0,10,0.0,42,stratified,aridity,30,10,10,outputs/sweeps_mse/seq120_hidden064_batch256_lr0p0005,outputs/sweeps_mse/seq120_hidden064_batch256_lr0p0005/best_model.pt,completed,6.004513886294077,1.2177523424965995,2.4504109627354502,0.3948780687012312,0.5295718428261293,13310700,10258500
seq120_hidden128_batch032_lr0p001,lstm,120,1,120,128,1,4,128,0.1,32,0.001,nse,1e-05,1.0,10,0.0,42,stratified,aridity,30,10,10,outputs/sweeps_mse/seq120_hidden128_batch032_lr0p001,outputs/sweeps_mse/seq120_hidden128_batch032_lr0p001/best_model.pt,completed,4.725393715948879,0.9173835685593741,2.1737970733140846,0.5237850347770838,0.7592559937678396,11468500,10258500
seq120_hidden128_batch032_lr0p003,lstm,120,1,120,128,1,4,128,0.1,32,0.003,nse,1e-05,1.0,10,0.0,42,stratified,aridity,30,10,10,outputs/sweeps_mse/seq120_hidden128_batch032_lr0p003,outputs/sweeps_mse/seq120_hidden128_batch032_lr0p003/best_model.pt,completed,5.432594210467609,1.1312195395742144,2.330792614212515,0.45251489748329854,0.6652098723962323,11468500,10258500
seq120_hidden128_batch032_lr0p0005,lstm,120,1,120,128,1,4,128,0.1,32,0.0005,nse,1e-05,1.0,10,0.0,42,stratified,aridity,30,10,10,outputs/sweeps_mse/seq120_hidden128_batch032_lr0p0005,outputs/sweeps_mse/seq120_hidden128_batch032_lr0p0005/best_model.pt,completed,5.990577232006666,1.0959497391836983,2.447565572565251,0.39628257459761873,0.6617893966184487,11468500,10258500
seq120_hidden128_batch064_lr0p001,lstm,120,1,120,128,1,4,128,0.1,64,0.001,nse,1e-05,1.0,10,0.0,42,stratified,aridity,30,10,10,outputs/sweeps_mse/seq120_hidden128_batch064_lr0p001,outputs/sweeps_mse/seq120_hidden128_batch064_lr0p001/best_model.pt,completed,7.43010664948799,1.3603972768102373,2.725822196968832,0.25120991130408465,0.43581198379935804,11468500,10258500
seq120_hidden128_batch064_lr0p003,lstm,120,1,120,128,1,4,128,0.1,64,0.003,nse,1e-05,1.0,10,0.0,42,stratified,aridity,30,10,10,outputs/sweeps_mse/seq120_hidden128_batch064_lr0p003,outputs/sweeps_mse/seq120_hidden128_batch064_lr0p003/best_model.pt,completed,5.8615566763814835,1.1674244788714818,2.4210651945747936,0.4092849873283746,0.5767212940950488,11468500,10258500
seq120_hidden128_batch064_lr0p0005,lstm,120,1,120,128,1,4,128,0.1,64,0.0005,nse,1e-05,1.0,10,0.0,42,stratified,aridity,30,10,10,outputs/sweeps_mse/seq120_hidden128_batch064_lr0p0005,outputs/sweeps_mse/seq120_hidden128_batch064_lr0p0005/best_model.pt,completed,5.329945084314707,1.050515961783273,2.308667382780531,0.4628596545510705,0.672490012049139,14308990,10258500
seq120_hidden128_batch128_lr0p001,lstm,120,1,120,128,1,4,128,0.1,128,0.001,nse,1e-05,1.0,10,0.0,42,stratified,aridity,30,10,10,outputs/sweeps_mse/seq120_hidden128_batch128_lr0p001,outputs/sweeps_mse/seq120_hidden128_batch128_lr0p001/best_model.pt,completed,6.827441855783543,1.3526715368543352,2.612937399897583,0.31194516661336824,0.48495706399591976,13310700,10258500
seq120_hidden128_batch128_lr0p003,lstm,120,1,120,128,1,4,128,0.1,128,0.003,nse,1e-05,1.0,10,0.0,42,stratified,aridity,30,10,10,outputs/sweeps_mse/seq120_hidden128_batch128_lr0p003,outputs/sweeps_mse/seq120_hidden128_batch128_lr0p003/best_model.pt,completed,5.6649559684957795,1.133767157145909,2.380116797238274,0.42909798173614144,0.6469459816978256,13310700,10258500
seq120_hidden128_batch128_lr0p0005,lstm,120,1,120,128,1,4,128,0.1,128,0.0005,nse,1e-05,1.0,10,0.0,42,stratified,aridity,30,10,10,outputs/sweeps_mse/seq120_hidden128_batch128_lr0p0005,outputs/sweeps_mse/seq120_hidden128_batch128_lr0p0005/best_model.pt,completed,5.74890639093654,1.1433508316448757,2.3976877175596782,0.4206376396130834,0.6358965205253186,14308990,10258500
seq120_hidden128_batch256_lr0p001,lstm,120,1,120,128,1,4,128,0.1,256,0.001,nse,1e-05,1.0,10,0.0,42,stratified,aridity,30,10,10,outputs/sweeps_mse/seq120_hidden128_batch256_lr0p001,outputs/sweeps_mse/seq120_hidden128_batch256_lr0p001/best_model.pt,completed,5.9312102668544515,1.274753054346357,2.435407618213931,0.40226544902984473,0.4953505285132739,11468500,10258500
seq120_hidden128_batch256_lr0p003,lstm,120,1,120,128,1,4,128,0.1,256,0.003,nse,1e-05,1.0,10,0.0,42,stratified,aridity,30,10,10,outputs/sweeps_mse/seq120_hidden128_batch256_lr0p003,outputs/sweeps_mse/seq120_hidden128_batch256_lr0p003/best_model.pt,completed,5.914985437204265,1.1570597679274424,2.432074307500547,0.40390055229362853,0.6359075598680186,14308990,10258500
seq120_hidden128_batch256_lr0p0005,lstm,120,1,120,128,1,4,128,0.1,256,0.0005,nse,1e-05,1.0,10,0.0,42,stratified,aridity,30,10,10,outputs/sweeps_mse/seq120_hidden128_batch256_lr0p0005,outputs/sweeps_mse/seq120_hidden128_batch256_lr0p0005/best_model.pt,completed,5.739767252686016,1.162575072288513,2.3957811362238446,0.4215586622126293,0.658057282521407,13310700,10258500
seq120_hidden256_batch032_lr0p001,lstm,120,1,120,256,1,4,128,0.1,32,0.001,nse,1e-05,1.0,10,0.0,42,stratified,aridity,30,10,10,outputs/sweeps_mse/seq120_hidden256_batch032_lr0p001,outputs/sweeps_mse/seq120_hidden256_batch032_lr0p001/best_model.pt,completed,5.648215272589819,1.0830001988410949,2.376597414916927,0.4307850728861883,0.6726080312257041,14308990,10258500
seq120_hidden256_batch032_lr0p003,lstm,120,1,120,256,1,4,128,0.1,32,0.003,nse,1e-05,1.0,10,0.0,42,stratified,aridity,30,10,10,outputs/sweeps_mse/seq120_hidden256_batch032_lr0p003,outputs/sweeps_mse/seq120_hidden256_batch032_lr0p003/best_model.pt,completed,5.648058974199037,1.084179059437343,2.3765645318819004,0.43080082430018785,0.6605523640856613,11468500,10258500
seq120_hidden256_batch032_lr0p0005,lstm,120,1,120,256,1,4,128,0.1,32,0.0005,nse,1e-05,1.0,10,0.0,42,stratified,aridity,30,10,10,outputs/sweeps_mse/seq120_hidden256_batch032_lr0p0005,outputs/sweeps_mse/seq120_hidden256_batch032_lr0p0005/best_model.pt,completed,6.598895066394361,1.1299293515341622,2.568831459320436,0.33497761806676496,0.6518207818048456,13310700,12048000
seq120_hidden256_batch064_lr0p001,lstm,120,1,120,256,1,4,128,0.1,64,0.001,nse,1e-05,1.0,10,0.0,42,stratified,aridity,30,10,10,outputs/sweeps_mse/seq120_hidden256_batch064_lr0p001,outputs/sweeps_mse/seq120_hidden256_batch064_lr0p001/best_model.pt,completed,6.150661865021062,1.1945030057770865,2.4800527948051956,0.3801495912895039,0.6314696059727087,13310700,10258500
seq120_hidden256_batch064_lr0p003,lstm,120,1,120,256,1,4,128,0.1,64,0.003,nse,1e-05,1.0,10,0.0,42,stratified,aridity,30,10,10,outputs/sweeps_mse/seq120_hidden256_batch064_lr0p003,outputs/sweeps_mse/seq120_hidden256_batch064_lr0p003/best_model.pt,completed,7.1147186758334255,1.3900230090277537,2.6673429992847613,0.28299402960912956,0.5828278792756096,13310700,10258500
seq120_hidden256_batch064_lr0p0005,lstm,120,1,120,256,1,4,128,0.1,64,0.0005,nse,1e-05,1.0,10,0.0,42,stratified,aridity,30,10,10,outputs/sweeps_mse/seq120_hidden256_batch064_lr0p0005,outputs/sweeps_mse/seq120_hidden256_batch064_lr0p0005/best_model.pt,completed,5.697832761708776,1.1652854231425693,2.38701335599715,0.4257847295760673,0.6700113527335951,11468500,10258500
seq120_hidden256_batch128_lr0p001,lstm,120,1,120,256,1,4,128,0.1,128,0.001,nse,1e-05,1.0,10,0.0,42,stratified,aridity,30,10,10,outputs/sweeps_mse/seq120_hidden256_batch128_lr0p001,outputs/sweeps_mse/seq120_hidden256_batch128_lr0p001/best_model.pt,completed,7.3644729177837105,1.3210268126215254,2.713756237723593,0.25782433692443274,0.5043632795482346,13310700,10258500
seq120_hidden256_batch128_lr0p003,lstm,120,1,120,256,1,4,128,0.1,128,0.003,nse,1e-05,1.0,10,0.0,42,stratified,aridity,30,10,10,outputs/sweeps_mse/seq120_hidden256_batch128_lr0p003,outputs/sweeps_mse/seq120_hidden256_batch128_lr0p003/best_model.pt,completed,5.449615036021952,1.0880241259847367,2.3344410543044245,0.4507995754727602,0.7019439230989407,11468500,10258500
seq120_hidden256_batch128_lr0p0005,lstm,120,1,120,256,1,4,128,0.1,128,0.0005,nse,1e-05,1.0,10,0.0,42,stratified,aridity,30,10,10,outputs/sweeps_mse/seq120_hidden256_batch128_lr0p0005,outputs/sweeps_mse/seq120_hidden256_batch128_lr0p0005/best_model.pt,completed,6.03824595137227,1.1221098358290535,2.457284263444559,0.39147862409116807,0.6606646885702845,14308990,10258500
seq120_hidden256_batch256_lr0p001,lstm,120,1,120,256,1,4,128,0.1,256,0.001,nse,1e-05,1.0,10,0.0,42,stratified,aridity,30,10,10,outputs/sweeps_mse/seq120_hidden256_batch256_lr0p001,outputs/sweeps_mse/seq120_hidden256_batch256_lr0p001/best_model.pt,completed,6.395376017093496,1.2633384923934936,2.528908068138005,0.355487827969042,0.5202929811435879,11468500,10258500
seq120_hidden256_batch256_lr0p003,lstm,120,1,120,256,1,4,128,0.1,256,0.003,nse,1e-05,1.0,10,0.0,42,stratified,aridity,30,10,10,outputs/sweeps_mse/seq120_hidden256_batch256_lr0p003,outputs/sweeps_mse/seq120_hidden256_batch256_lr0p003/best_model.pt,completed,5.631335593513413,1.0908899420329503,2.373043529628863,0.43248617045975435,0.7255988397979929,14308990,10258500
seq120_hidden256_batch256_lr0p0005,lstm,120,1,120,256,1,4,128,0.1,256,0.0005,nse,1e-05,1.0,10,0.0,42,stratified,aridity,30,10,10,outputs/sweeps_mse/seq120_hidden256_batch256_lr0p0005,outputs/sweeps_mse/seq120_hidden256_batch256_lr0p0005/best_model.pt,completed,6.733771138696105,1.2988131376675196,2.5949510859929723,0.3213850990214644,0.5127297780471061,11468500,10258500
